1,44d6039e-aebe-46ed-893e-b401a8132c43,bae705d7-20da-4ee2-871f-345b2271992b,Cierra, Vega,CierraVega@gmail.com,2016413081,11432,Business,Email,WorkDay 9AM-12PM,Cierra Vega message here
2,47026c7e-e6b6-49c9-ba43-cad17cb38b3f,bae705d7-20da-4ee2-871f-345b2271992b,Alden, Cantrell,AldenCantrell@gmail.com,6086614961,44312,Personal,Phone,WorkDay 9AM-12PM,Alden Cantrell message here
3,44d6039e-aebe-46ed-893e-b401a8132c43,bae705d7-20da-4ee2-871f-345b2271992b,Kierra, Gentry,KierraGentry@gmail.com,6096080179,53402,Business,Email,WorkDay 9AM-12PM,Kierra Gentry message here
4,47026c7e-e6b6-49c9-ba43-cad17cb38b3f,bae705d7-20da-4ee2-871f-345b2271992b,Pierre, Cox,PierreCox@gmail.com,2073948953,34491,Personal,Email,WorkDay 9AM-12PM,Pierre Cox message here
5,44d6039e-aebe-46ed-893e-b401a8132c43,bae705d7-20da-4ee2-871f-345b2271992b,Heather, Schneider,HeatherSchneider@gmail.com,7022152412,52501,Business,Phone,WorkDay 9AM-12PM,Heather Schneider message here
6,47026c7e-e6b6-49c9-ba43-cad17cb38b3f,bae705d7-20da-4ee2-871f-345b2271992b,Thomas, Crane,ThomasCrane@gmail.com,9204530875,32937,Personal,Email,WorkDay 9AM-12PM,Thomas Crane message here
7,44d6039e-aebe-46ed-893e-b401a8132c43,bae705d7-20da-4ee2-871f-345b2271992b,Madeline, Hudson,CierraVega@gmail.com,8593594454,11375,Business,Phone,WorkDay 9AM-12PM,Madeline Hudson message here
8,47026c7e-e6b6-49c9-ba43-cad17cb38b3f,bae705d7-20da-4ee2-871f-345b2271992b,Miranda, Shaffer,MirandaShaffer@gmail.com,5594186300,32765,Personal,Email,WorkDay 9AM-12PM,Miranda Shaffer message here
9,44d6039e-aebe-46ed-893e-b401a8132c43,bae705d7-20da-4ee2-871f-345b2271992b,Bradyn, Kramer,BradynKramer@gmail.com,7188743918,95060,Business,Phone,WorkDay 9AM-12PM,Bradyn Kramer message here
10,47026c7e-e6b6-49c9-ba43-cad17cb38b3f,bae705d7-20da-4ee2-871f-345b2271992b,Alvaro, Mcgee,AlvaroMcgee@gmail.com,9734339899,08701,Personal,Email,WorkDay 9AM-12PM,Alvaro Mcgee message here
11,44d6039e-aebe-46ed-893e-b401a8132c43,bae705d7-20da-4ee2-871f-345b2271992b,Alvaro, Mcgee,AlvaroMcgee@gmail.com,9734339899,08701,Personal,Email,WorkDay 9AM-12PM,Alvaro Mcgee message here
